53115,1010EZ
53116,1010MZ
56067,1010RZ
53114,1010Z
53119,1015A
67646,1015A-4
67652,1015A-6
55407,1015AZZ
53121,1015B
67649,1015B-4
67655,1015B-6
55408,1015BZZ
56131,1015MA
67647,1015MA-100
67653,1015MA-150
56133,1015MB
67650,1015MB-100
67656,1015MB-150
65091,1017-4
64959,1017-8
64179,1017M-100
64180,1017M-200
66559,1019-1
67120,1019M-25
53123,1025-5
53124,1025-6
65860,1025ME-130
55269,1025ZZ-5
55270,1025ZZ-6
64942,10H-6-4R
64944,10MEH-150
64943,10MH-150
50475,110
53128,1100-18
69013,1100-18-1
53130,1100-24
69014,1100-24-1
53132,1100-30
69015,1100-30-1
53134,1100-36
69016,1100-36-1
53136,1100-42
69017,1100-42-1
53138,1100-48
69018,1100-48-1
53140,1100-54
69019,1100-54-1
69020,1100-60-1
65028,1100M-1050
69033,1100M-1050-2
65029,1100M-1200
69034,1100M-1200-2
65030,1100M-1350
69035,1100M-1350-2
65031,1100M-1500
69036,1100M-1500-2
65024,1100M-450
69029,1100M-450-2
65025,1100M-600
69030,1100M-600-2
65026,1100M-750
69031,1100M-750-2
65027,1100M-900
69032,1100M-900-2
55412,1100ZZ-18
55413,1100ZZ-24
55414,1100ZZ-30
55415,1100ZZ-36
55416,1100ZZ-42
55417,1100ZZ-48
55418,1100ZZ-54
55419,1100ZZ-60
53144,1101-18
69005,1101-18-1
53146,1101-24
69006,1101-24-1
53148,1101-30
69007,1101-30-1
53150,1101-36
69008,1101-36-1
53152,1101-42
69009,1101-42-1
53154,1101-48
69010,1101-48-1
53156,1101-54
69011,1101-54-1
53158,1101-60
69012,1101-60-1
65019,1101M-1050
69025,1101M-1050-2
65021,1101M-1200
69026,1101M-1200-2
65022,1101M-1350
69027,1101M-1350-2
65023,1101M-1500
69028,1101M-1500-2
65015,1101M-450
69021,1101M-450-2
65016,1101M-600
69022,1101M-600-2
65017,1101M-750
69023,1101M-750-2
65018,1101M-900
69024,1101M-900-2
50476,111
53160,1126-18
53161,1126-24
53162,1126-30
53163,1126-36
53164,1126-42
53165,1126-48
53166,1126-54
53167,1126-60
53172,1150
65036,1150MZ-200
65033,1150MZ-50
53168,1150Z-2
53169,1150Z-4
53170,1150Z-6
53171,1150Z-8
65032,1175MZ
53173,1175Z
50483,117A
50482,117AA
50484,117B
50485,117C
50486,117D
50487,117E
50491,119
50057,11H-12-16R
50055,11H-12-4R
50061,11H-18-16R
50059,11H-18-4R
50065,11H-24-16R
50063,11H-24-4R
50049,11H-4-4R
50053,11H-6-16R
50051,11H-6-4R
50058,11HC-12-16R
50056,11HC-12-4R
50062,11HC-18-16R
50060,11HC-18-4R
50066,11HC-24-16R
50064,11HC-24-4R
50050,11HC-4-4R
50054,11HC-6-16R
50052,11HC-6-4R
50067,11MEH-300
56121,11MEH-600
50068,11MEHC-300
50075,11MEHC-600
56241,11MH-150
56243,11MH-300
56245,11MH-600
56242,11MHC-150
56244,11MHC-300
56246,11MHC-600
56694,120-12
66919,120-12 W/SLC
66980,1202-12
66964,1202-6
66979,1202-8
69758,1202F-12
68931,1202F-6
69757,1202F-8
64514,120A-6
66568,120A-6 W/SLC
64517,120A-9
66295,120AM-150
66920,120AM-150 W/SLC
64520,120AZ-9
65067,120B-12
65866,120JZ-6
64509,120M-225
64511,120M-300
66921,120M-300 W/SLC
65154,120MB-300
66923,120MB-300 W/SLC
65910,120MX-150
64508,120MZ-225
64510,120MZ-300
66922,120MZ-300 W/SLC
65909,120X-6
56693,120Z-12
66569,120Z-12 W/SLC
50103,12-12-4R
53178,1212XRL
50104,12-18-4R
50492,121AZ
50493,121BZ
50494,121CZ
50105,12-24-4R
53196,1230XRL
50527,123-12
66928,123-12 W/SLC
50525,123-6
66926,123-6 W/SLC
50537,123EM-12
50535,123EM-6
50536,123EMZ-12
50538,123EMZ-24
50534,123EMZ-6
56099,123M-150
56101,123M-300
56102,123MZ-300
56104,123MZ-600
50526,123Z-12
66927,123Z-12 W/SLC
50528,123Z-24
50530,123Z-36
50532,123Z-48
50524,123Z-6
66925,123Z-6 W/SLC
64383,123Z-60
64374,123Z-72
50542,124AZ
50546,124BZ
50550,124CZ
50554,124DZ
50556,124H
56141,124MAZ
56142,124MBZ
56143,124MCZ
56144,124MDZ
61886,125MEA-12/300
61660,125MEA-6/150
61882,125MEA-8/200
53200,1263L
53201,1263RL
64381,128
64375,128AZ
64376,128BZ
64377,128CZ
68117,128M
64378,128MAZ
64379,128MBZ
64380,128MCZ
50559,129
50106,12ME-300
50560,130
53204,1309R-6
50564,132-12
50566,132-24
50562,132-6
50563,132-9
50567,133A
50569,134
50570,135A
50571,135B
50572,136
50109,13A
50111,13C
50114,13D
56278,13MA
56280,13MC
66102,1463L
53207,1463RL
50117,14A
50118,14D
56260,14MA
56261,14MD
12051,1500-1-UN
12059,1500-2-N
12267,1500-3-8M
12529,1500-3-8S
12539,1500-3A-10N
12540,1500-3A-11N
12541,1500-3A-12N
12542,1500-3A-13N
12543,1500-3A-14N
12544,1500-3A-15N
12545,1500-3A-16N
12565,1500-3A-18N
12530,1500-3A-1N
69854,1500-3A-20N
46,1500-3A-21N
12531,1500-3A-2N
12532,1500-3A-3N
12533,1500-3A-4N
12534,1500-3A-5N
12535,1500-3A-6N
12536,1500-3A-7N
12537,1500-3A-8N
12538,1500-3A-9N
50578,154A
50579,154B
50580,154C
50581,154D
50582,154E
50583,154F
50588,155
50589,156M
50591,159M
50592,160
53211,1604R-12
53210,1604R-6
53213,1610-16
53214,1610-32
53212,1610-4
55896,1611
55433,1612
50594,161A
50593,161AA
50595,161B
50596,161C
50597,161D
50598,161E
53216,1620
50599,162A
50600,162B
50601,162C
50602,162D
55434,1634
50608,165
50609,166A
50610,166B
50611,166C
50612,166D
63434,167-010
63435,167-015
63436,167-020
63437,167-025
63438,167-030
63439,167-040
63440,167-050
63441,167-060
63442,167-070
63443,167-080
63444,167-090
50624,167-1/16
50645,167-1/2
50622,167-1/32
50636,167-1/4
50646,167-1/64
50628,167-1/8
63445,167-100
50640,167-11/32
50631,167-11/64
63446,167-120
50642,167-13/32
50633,167-13/64
63447,167-140
50644,167-15/32
50635,167-15/64
63448,167-160
50637,167-17/64
63449,167-180
63450,167-200
63451,167-220
63452,167-240
63453,167-260
63454,167-280
50632,167-3/16
50626,167-3/32
50623,167-3/64
50641,167-3/8
63455,167-300
63456,167-350
63457,167-400
63458,167-450
50639,167-5/16
50630,167-5/32
50625,167-5/64
63459,167-500
50643,167-7/16
50634,167-7/32
50627,167-7/64
50638,167-9/32
50629,167-9/64
55796,167M-1
55797,167M-1 1/2
55795,167M-1/2
55811,167M-10
55812,167M-11
55813,167M-12
55814,167M-13
55815,167M-14
55816,167M-15
55798,167M-2
55799,167M-2 1/2
55800,167M-3
55801,167M-3 1/2
55802,167M-4
55803,167M-4 1/2
55804,167M-5
55805,167M-5 1/2
55806,167M-6
55807,167M-6 1/2
55808,167M-7
55809,167M-8
55810,167M-9
53218,1700
53219,1701
56172,1702
50647,170Z
53220,1715
50649,172A
50650,172AT
50652,172CT
50654,172E
50656,172MBT
57086,173MA
57087,173MAT
57088,173MCT
50658,174
50660,177A
50661,177B
50662,177C
50663,177D
50664,178A
50666,178B
50665,178MA
50667,178MB
50675,185
50676,186
50677,187
50678,188
50120,18A
50119,18AA
56757,18C
50681,190A
50682,190B
50683,190C
50684,190D
50685,190E
50686,190F
50688,191A
50689,191B
50690,191C
50691,191D
50692,191E
50693,191F
50696,193
50697,196A1Z
50714,196A5Z
50701,196A6Z
50699,196B1
66865,196B1 W/SLC
50717,196B5
50702,196B6
50706,196F
65251,196MA1Z
65253,196MA5Z
65252,196MB1
65254,196MB5
67457,196MR
50711,196R
50718,198
50719,199Z
66932,199Z W/SLC
50004,1X-5 1/2
50005,1X-7
67008,2000-24
69908,2000SCKB
69907,2000SCM
50128,20-1 1/2
50136,20-dic
66900,20-12 W/SLC
50140,20-24
50130,20-mar
50142,20-36
50132,20-4 1/2
50134,20-jun
66899,20-6 W/SLC
64337,207MZ
56173,207Z
56176,208DZ
63191,208MDZ
64338,208MZ
56175,208Z
64364,209MRL
56473,209RL
55156,20ZZ-12
55158,20ZZ-24
55159,20ZZ-36
50149,21
50731,210AP
64334,210MAP
66428,211XP
55954,216FL-1
56257,216FL-2
56206,216FL-3
56209,216FL-4
55984,216MXFL-25
65604,216MXRL-100
64351,216MXRL-125
64352,216MXRL-150
64353,216MXRL-175
64354,216MXRL-200
64355,216MXRL-225
55983,216MXRL-25
64356,216MXRL-250
64357,216MXRL-275
64358,216MXRL-300
65602,216MXRL-50
65603,216MXRL-75
55952,216P-1
55953,216RL-1
56153,216RL-2
56205,216RL-3
56208,216RL-4
63470,216RL-5
63471,216RL-6
55956,216XFL-1
55955,216XRL-1
63631,216XRL-10
63632,216XRL-11
63633,216XRL-12
63628,216XRL-7
63629,216XRL-8
63630,216XRL-9
56171,216ZZ-2
65050,220MXRL-25
66434,220MXRL-50
50746,220XFL-1
66433,220XFL-2
66430,220XRL-1
66432,220XRL-2
55209,220ZZ-1
55210,220ZZ-2
50762,222AXR-1
50763,222BXR-1
66435,222MAXR-25
66436,222MBXR
50758,222MRL-13
50756,222RL-1/2
50757,222XRL-1/2
55212,222ZZ-1
64336,223MRL
50768,223RL
50770,224AARLZ
50772,224ARLZ
50774,224BRLZ
50778,224CRLZ
50780,224DRLZ
50782,224ERLZ
50776,224GRLZ
50784,224JRLZ
50771,224MAARLZ
50773,224MARLZ
50781,224MDRLZ
50783,224MERLZ
50777,224MGRLZ
50785,224MJRLZ
12209,226RL-1
50820,226RL-2
50825,226RL-3
50830,226RL-4
50835,226RL-5
50840,226RL-6
50921,228XRL
55228,228ZZ
50923,229A
50924,229B
50925,229C
50926,229D
50927,229E
50150,22C
50151,22D
50938,230FL
50932,230P
50935,230RL
50954,232MRL
50953,232RL
50969,234A-1
50987,234A-10
50989,234A-11
50991,234A-12
50993,234A-13
50995,234A-14
50997,234A-15
50999,234A-16
51001,234A-17
51003,234A-18
51005,234A-19
50971,234A-2
51007,234A-20
51009,234A-21
51011,234A-22
51013,234A-23
51015,234A-24
67782,234A-25
67783,234A-27
67784,234A-29
50973,234A-3
67785,234A-31
67786,234A-33
67787,234A-35
67788,234A-37
67789,234A-39
50975,234A-4
67790,234A-41
67791,234A-43
67792,234A-45
67793,234A-47
67794,234A-49
50977,234A-5
67795,234A-51
67796,234A-53
67797,234A-55
67798,234A-57
67799,234A-59
50979,234A-6
50981,234A-7
50983,234A-8
50985,234A-9
50976,234MA-100
67808,234MA-1025
67809,234MA-1075
67810,234MA-1125
67811,234MA-1175
67812,234MA-1225
50978,234MA-125
67813,234MA-1275
67814,234MA-1325
67815,234MA-1375
67816,234MA-1425
67817,234MA-1475
50980,234MA-150
50982,234MA-175
50984,234MA-200
50986,234MA-225
50970,234MA-25
50988,234MA-250
50990,234MA-275
50992,234MA-300
50994,234MA-325
50996,234MA-350
50998,234MA-375
51000,234MA-400
51002,234MA-425
51004,234MA-450
51006,234MA-475
50972,234MA-50
51008,234MA-500
51010,234MA-525
51012,234MA-550
51014,234MA-575
51016,234MA-600
67800,234MA-625
67801,234MA-675
67802,234MA-725
50974,234MA-75
67803,234MA-775
67804,234MA-825
67805,234MA-875
67806,234MA-925
67807,234MA-975
51074,236
51075,236HA
51076,236HB
51077,236HC
51078,236HD
51080,237
51081,237M
51136,240A
51137,240B
51138,240C
51139,240D
51143,243-6
51170,245
51171,245M
51174,247A
51175,247B
51176,247C
51177,247D
51178,247E
51179,247MA
51180,247MB
56691,247MD
56692,247ME
51181,248A
51182,248B
51183,248C
51184,248D
51185,248E
53222,25-109J
53223,25-111J
53313,25-111JN/S
53225,25-116J
53226,25-118J
53316,25-118JN/S
53228,25-124J
53318,25-124JN/S
53230,25-128J
53320,25-128JN/S
53232,25-131J
53322,25-131JN/S
53234,25-134J
53324,25-134JN/S
53236,25-136J
53326,25-136JN/S
53238,25-138J
53328,25-138JN/S
53240,25-141J
53330,25-141JN/S
53242,25-142J
53332,25-142JN/S
53244,25-143J
53334,25-143JN/S
53246,25-144J
53336,25-144JN/S
53248,25-145J
53338,25-145JN/S
67644,25-151J
68646,25-151J-8
53250,25-161J
64651,25-161J-8
53340,25-161JN/S
68643,25-171J
53252,25-181J
64653,25-181J-8
53342,25-181JN/S
53309,25-2041J
56805,25-2041J WFB
56225,25-2081J
53254,25-209J
53255,25-211J
53344,25-211JN/S
53257,25-218J
53346,25-218JN/S
53259,25-224J
53348,25-224JN/S
53261,25-228J
52250,25-228JN/S
53263,25-231J
53352,25-231JN/S
53265,25-234J
53354,25-234JN/S
53267,25-236J
53356,25-236JN/S
53269,25-238J
55358,25-238JN/S
53271,25-241J
53360,25-241JN/S
53273,25-242J
55362,25-242JN/S
53275,25-243J
53364,25-243JN/S
53277,25-244J
53366,25-244JN/S
53279,25-245J
53368,25-245JN/S
68118,25-251J
68647,25-251J-8
53281,25-261J
64652,25-261J-8
53370,25-261JN/S
53283,25-281J
64654,25-281J-8
53372,25-281JN/S
55890,252Z-14
51216,252Z-24
51217,252Z-48
53310,25-3041J
56226,25-3081J
53285,25-341/5J
53286,25-341/5P
53287,25-341J
20785,25-341J WCSC
53288,25-341P
53289,25-381J
64655,25-381J-8
53311,25-4041J
56227,25-4081J
53292,25-431J
20795,25-431J WCSC
20788,25-431J-8
53293,25-441/5J
66864,25-441/5J W/SLC
56806,25-441/5J WCSC
20792,25-441/5J-8
53294,25-441/5P
53295,25-441J
66863,25-441J W/SLC
56807,25-441J WCSC
20787,25-441J-8
20789,25-441JN/S
53296,25-441P
20784,25-441P WCSC
53297,25-481J
20793,25-481J WCSC
64656,25-481J-8
51224,254EMZ-12
51225,254EMZ-18
51226,254EMZ-24
56214,254MZ-300
56215,254MZ-450
56216,254MZ-600
56217,254MZ-900
51219,254Z-12
51220,254Z-18
51221,254Z-24
51222,254Z-36
51223,254Z-48
56183,254Z-60
56184,254Z-72
53312,25-5041J
56228,25-5081J
53299,25-511J
20791,25-511J-8
53374,25-511JN/S
51230,255-12
51232,255-18
65161,255EM-18
65160,255EMZ-18
56219,255M-300
56218,255MZ-300
51229,255Z-12
51231,255Z-18
53301,25-611J
53376,25-611JN/S
53304,25-631J
20783,25-631J WCSC
20790,25-631J/NS
56470,256MPN-25
51238,256MRL-25
55942,256MRL-50
55943,256MRL-75
56469,256PN-1
51236,256RL-1
55940,256RL-2
55941,256RL-3
53305,25-781J
64657,25-781J-8
51240,257A
51241,257B
51242,257C
51243,257D
53307,25-881J
20796,25-881J WCSC
64658,25-881J-8
50152,25LC
56007,25MSB
50153,25R
50154,25SB
50155,25SC14
50156,25SC38
55995,25SC38B
64885,25SC8M
53916,25W
67988,260MZ
67987,260Z
50189,26-dic
50190,26-18
55944,261L
64346,261ML
50191,26-24
55945,262L
64347,262ML
65051,262MRL
55946,262RL
50192,26-36
51256,263FL
51253,263L
67109,263L-38
67111,263L-38TN
51276,263ML
51275,263MP
51257,263MRL
65055,263MXL
51251,263P
67108,263P-38
67110,263P-38TN
51254,263RL
51265,263XL
51278,264A
51279,264B
51280,264C
51281,264D
51282,264E
51283,264F
51284,264G
50186,26-jun
51286,267
51287,268A
51289,268C
51290,269A
51291,269B
56031,269MA
56032,269MB
51292,270
69891,2700SCKB
69896,2700SCM
50196,27-dic
50197,27-18
51293,271A
51294,271B
51295,271C
50198,27-24
51296,272A
51298,272B
51297,272MA
51299,272MB
51301,274-3
51303,274-6
51305,275-3
51307,275-6
50193,27-jun
51309,277-3
51311,277-6
51312,278
51313,278B
51314,279
50199,28
51315,280
51316,281
51318,283
51319,284
51320,286
51321,287
51322,289A
51323,289B
51324,289C
9980,2900-1
9986,2900-1M
9961,2900-1M-25
9971,2900-1ME
9972,2900-1ME-25
9981,2900-2
9962,01/02/2900
9973,2900-2ME
9963,01/03/2900
9975,2900-3ME-25
9983,2900-4
9988,2900-4M
9976,2900-4ME
9967,01/05/2900
9968,2900-5M-25
9978,2900-5ME-25
9985,2900-6
9969,01/06/2900
9990,2900-6M
9970,2900-6M-25
9979,2900-6ME
68839,2900SCKB
68712,2900SCU
51327,298
51328,299
50201,29B
50027,2ARL
50029,2MARL
50026,2MXRL
20938,300W
12228,3020-12
12225,3020-3
12226,3020-4
12227,3020-6
12457,3089Z-131-1424J
12458,3089Z-131-26J
12456,3089Z-131-715J
68917,3206
69861,3250MZ-150
69865,3250Z-6
12219,3259-12
69906,3259-24
69859,3259-AC
50211,33H-12-16R
50209,33H-12-4R
50215,33H-18-16R
50213,33H-18-4R
50219,33H-24-16R
50217,33H-24-4R
50203,33H-4-4R
50207,33H-6-16R
50205,33H-6-4R
50212,33HC-12-16R
50210,33HC-12-4R
50216,33HC-18-16R
50214,33HC-18-4R
50220,33HC-24-16R
50218,33HC-24-4R
50204,33HC-4-4R
50208,33HC-6-16R
50206,33HC-6-4R
50231,33JH-6-16R
50229,33JH-6-4R
50232,33JHC-6-16R
50230,33JHC-6-4R
50221,33MEH-300
50237,33MEH-600
50222,33MEHC-300
50238,33MEHC-600
56247,33MH-150
56249,33MH-300
56251,33MH-600
56248,33MHC-150
56250,33MHC-300
56252,33MHC-600
68813,3600-5
68918,3600M-5
50246,36-12
50248,36-24
56299,363FL
56297,363L
56304,363MFL
56302,363ML
56303,363MRL
56298,363RL
12261,3648-180
12262,3648-260
12263,3648-320
12695,3657U
50245,36-6
50250,37-12
50252,37-24
12277,3732MEXFL-100
12278,3732MEXFL-125
12279,3732MEXFL-150
12274,3732MEXFL-25
12275,3732MEXFL-50
12276,3732MEXFL-75
12268,3732XFL-1
12269,3732XFL-2
12270,3732XFL-3
12271,3732XFL-4
12272,3732XFL-5
12273,3732XFL-6
12221,3751AZ-6/150
68815,3752-12/300
68816,3752-24/600
12260,3753A-12/300
12258,3753A-6/150
12259,3753A-8/200
50249,37-6
51438,380-12
51439,380-18
51440,380-24
66895,380-24 W/SLC
51441,380-36
51442,380-48
69882,3805B
51444,380-72
12331,3808A
12303,3808AC
12332,3808MA
12304,3808MAC
12333,3809A
12305,3809AC
12334,3809MA
12307,3809MAC
69871,3810A
69881,3811A
67668,3812
69883,3813
67754,3814
12800,3815
67755,3816
51445,384A
51447,384C
51449,384E
51450,384F
51451,384G
51452,384H
63645,384M
63646,384N
63647,384P
63648,384R
63649,384S
63650,384T
63651,384W
63652,384X
63653,384Y
51455,385-12
51456,385-18
51457,385-24
51458,385-36
51459,385-48
51461,385-72
51462,386-12
51463,386-24
51464,386-36
51465,386-48
51467,386-72
51468,387-12
51469,387-18
51470,387-24
51471,387-36
51472,387-48
12488,3908A
12636,3908AC
12520,3908MA
12656,3908MAC
12527,3909A
12669,3909AC
12563,3909MA
12673,3909MAC
51499,414-1
51500,414-2
51527,424
50263,42-6
50264,42-8
51543,434-12-16R
51542,434-12-4R
51545,434-18-16R
51544,434-18-4R
51547,434-24-16R
51546,434-24-4R
56255,434M-300
56256,434M-600
51554,434ME-300
51555,434ME-600
51557,435-12-16R
51556,435-12-4R
51558,435-18-4R
51559,435-24-4R
66177,435M-300
66681,435M-600
51560,435ME-300
51561,435ME-600
67996,436.1FL-1
68004,436.1FL-2
68012,436.1FL-3
68047,436.1MP-25
68058,436.1MRL-100
68061,436.1MRL-125
68064,436.1MRL-150
68048,436.1MRL-25
68052,436.1MRL-50
68055,436.1MRL-75
68050,436.1MXFL-25
68059,436.1MXRL-100
68062,436.1MXRL-125
68065,436.1MXRL-150
68053,436.1MXRL-50
68056,436.1MXRL-75
67990,436.1P-1
68001,436.1P-2
68009,436.1P-3
67993,436.1RL-1
68002,436.1RL-2
68010,436.1RL-3
68017,436.1RL-4
68023,436.1RL-5
68029,436.1RL-6
67991,436.1XP-1
67994,436.1XRL-1
67995,436.1XRL-1 W/SLC
68003,436.1XRL-2
68011,436.1XRL-3
68018,436.1XRL-4
68024,436.1XRL-5
68030,436.1XRL-6
12755,436.2MXRL-25
51706,436MXRL-175
51734,436MXRL-200
51762,436MXRL-225
51790,436MXRL-250
51818,436MXRL-275
51846,436MXRL-300
64301,436MXRLZ-325
64302,436MXRLZ-350
64303,436MXRLZ-375
64304,436MXRLZ-400
64305,436MXRLZ-425
64306,436MXRLZ-450
64307,436MXRLZ-475
64308,436MXRLZ-500
64309,436MXRLZ-525
64310,436MXRLZ-550
64311,436MXRLZ-575
64312,436MXRLZ-600
51768,436RL-10
51796,436RL-11
51824,436RL-12
51684,436RL-7
51712,436RL-8
51740,436RL-9
51782,436XRL-10
51810,436XRL-11
51838,436XRL-12
51698,436XRL-7
51726,436XRL-8
51754,436XRL-9
51871,436XRLZ-13
51872,436XRLZ-14
51873,436XRLZ-15
51874,436XRLZ-16
51875,436XRLZ-17
51876,436XRLZ-18
51877,436XRLZ-19
51878,436XRLZ-20
51879,436XRLZ-21
51880,436XRLZ-22
51881,436XRLZ-23
51882,436XRLZ-24
52110,439-18
52111,439-24
52158,440L
52120,440MZ-150RL
52124,440MZ-225RL
52116,440MZ-75RL
52159,440RL
52113,440Z-3L
52115,440Z-3RL
52117,440Z-6L
52119,440Z-6RL
52121,440Z-9L
52123,440Z-9RL
52171,443Z-3RL
52173,443Z-6RL
52175,443Z-9RL
67117,445AZ-12RL
52208,445AZ-3RL
52212,445AZ-6RL
52216,445AZ-9RL
67118,445BZ-12RL
52220,445BZ-3RL
52224,445BZ-6RL
52228,445BZ-9RL
67119,445DZ-12RL
52244,445DZ-3RL
52248,445DZ-6RL
52252,445DZ-9RL
52213,445MAZ-150RL
52217,445MAZ-225RL
52209,445MAZ-75RL
52225,445MBZ-150RL
52229,445MBZ-225RL
52221,445MBZ-75RL
52249,445MDZ-150RL
52253,445MDZ-225RL
52245,445MDZ-75RL
52273,445RL
56288,446AZ-3RL
56289,446AZ-6RL
56295,446MAZ-150RL
56294,446MAZ-75RL
52314,448MEZ-12
52312,448MEZ-6
52316,448MEZ-612
52308,448Z-12
52306,448Z-6
52310,448Z-612
52318,449AZ-3R
52320,449AZ-6R
52322,449BZ-3R
52324,449BZ-6R
56637,449MAZ-150R
56636,449MAZ-75R
56639,449MBZ-150R
56638,449MBZ-75R
56768,450-12
56766,450-6
64276,450M-300
56777,450ZZ-12
56776,450ZZ-6
52339,452B
52341,452B-9
52345,453A
52347,453C
52349,453E
52351,453EZ
52346,453MA
52348,453MC
52422,456A
52420,456AZ
52426,456B
52424,456BZ
52423,456MA
52421,456MAZ
52427,456MB
52425,456MBZ
52428,457A
52429,457C
67534,458AXR
67535,458AXRS
67536,458BXR
67537,458BXRS
67538,458MAXR
67539,458MAXRS
67540,458MBXR
67541,458MBXRS
64444,460A
64446,460B
64445,460MA
64447,460MB
52442,463L
67113,463L-38TN
52444,463MP
52452,463MRL
64691,463MXRL
52440,463P
67112,463P-38TN
52443,463RL
52451,463XL
64687,463XRL
56657,464P
67123,465MXSP-25
67124,465MXSP-50
52463,466
52464,467
52465,467M
67127,468MXSP-25
67128,468MXSP-50
67131,469MHXSP
67132,469MXSP
50266,47
52482,470
52483,471
52484,472
52485,473
52486,474
52488,476
56046,483MXRL-25
55332,483ZZ-2
67447,484
56047,485MXRL
64260,486MP-100
64261,486MP-125
64262,486MP-150
64257,486MP-25
64258,486MP-50
64259,486MP-75
52499,486P-1
67097,486P-10
67098,486P-11
67099,486P-12
52501,486P-2
52503,486P-3
52505,486P-4
52507,486P-5
52509,486P-6
67094,486P-7
67095,486P-8
67096,486P-9
52518,490-12-16R
52511,490-12-4R
52512,490-18-4R
52513,490-24-4R
52526,491-12-16R
52521,491-12-4R
52522,491-18-4R
52523,491-24-4R
52524,491ME-300
14576,5002BZ-16/400
14577,5002BZ-24/600
14578,5002BZ-40/1000
14579,5003Z-2
14580,5003Z-4
12984,5003Z-431-2J
12985,5003Z-431-4J
12986,5003Z-431-6J
12987,5003Z-431-8J
14581,5003Z-6
12980,5003Z-611-2J
12981,5003Z-611-4J
12982,5003Z-611-6J
12983,5003Z-611-8J
14582,5003Z-8
14583,5004BZ-12/300
14584,5004BZ-16/400
14585,5004BZ-20/500
14586,5004BZ-24/600
14587,5004BZ-32/800
14589,5006BZ-14/350
67752,505A-12
11677,505A-7
50268,50A
50269,50B
50270,50CA
50271,50CB
55536,515C
55537,515D
55539,515E
55540,515F
55538,515MD
50274,54A
50277,55-1 1/2
67195,551A
67196,551B
67197,551C
67198,551D
67199,551E
67200,551F
67201,551G
50279,55-3
52543,553A
52544,553B
50281,55-4 1/2
52550,555A
52549,555AA
52551,555B
52552,555C
52553,555D
52554,555E
52561,555F
50283,55-6
52572,563-6
52578,565A
52579,565B
52580,565C
52581,565D
52582,565E
52583,565F
52584,565G
52585,565H
63323,566
52588,567
70885,567B
52590,568A
52591,568B
52592,568C
66437,569AXP
66439,569BXP
66438,569MAXP
66440,569MBXP
50289,56A
50290,56B
50291,56C
57098,572A
57099,572B
56159,575AP
56160,575BP
56161,575CP
56162,575DP
56163,575EP
56164,575FP
56321,575MAP
56322,575MBP
56323,575MCP
56324,575MDP
56325,575MEP
56326,575MFP
66442,576MXR
66441,576XR
66444,577MXP
66443,577XP
64960,578
64988,578B
52610,579A
63195,579A-12
63192,579A-8
52611,579B
63196,579B-12
63193,579B-8
52612,579C
63197,579C-12
63194,579C-8
52613,579D
63198,579D-12
67114,579D-8
52614,579E
63199,5.79E-10
67115,5.79E-06
52615,579F
63200,579F-12
67116,579F-8
50292,57A
50293,57B
50294,57C
50295,57D
50296,57S
64961,580
64962,581
56165,585AP
56166,585BP
56167,585CP
56168,585DP
56169,585EP
56170,585FP
56327,585MAP
56328,585MBP
56329,585MCP
56330,585MDP
56613,58S
50297,59A
50301,59E
50302,59F
50035,6
52647,604R-12
52645,604R-6
50303,61
52695,610N-12
52694,610N-6
52700,611N-6
50304,62
70164,635N-150
50306,63L
55939,63MRL
50305,63P
50307,63RL
52705,640JZ
55997,640MJZ
56001,640MRJZ
52709,640RJZ
65104,642AZ
65106,642MAZ
65105,642MZ
65103,642Z
52715,643J
52714,643JZ
52719,644J
52718,644JZ
56028,644MJ
56027,644MJZ
1,647
2,647M
65850,648-4
65851,648-6
65852,648-8
52080,649-1
52082,649-1M
52081,649-5
64475,650A1Z
64474,650A5Z
64477,650B1
64476,650B5
65261,650MA1Z
65262,650MB1
64483,651A1Z
64484,651A5Z
64485,651B1
64486,651B5
65263,651MA1Z
65264,651MB1
55917,653
56646,653G
55966,653GJ
56127,653GMJ
52737,653J
56146,653MJ
53505,655-111J
53545,655-111JN/S
53507,655-118J
53547,655-118JN/S
53509,655-124J
53549,655-124JN/S
53511,655-128J
53551,655-128JN/S
53513,655-129J
53553,655-129JN/S
53515,655-131J
53555,655-131JN/S
53517,655-134J
53557,655-134JN/S
53519,655-136J
53559,655-136JN/S
53521,655-138J
53561,655-138JN/S
53523,655-141J
53563,655-141JN/S
53525,655-142J
53565,655-142JN/S
53527,655-143J
53567,655-143JN/S
53529,655-144J
53569,655-144JN/S
53531,655-145J
53571,655-145JN/S
53533,655-161J
64659,655-161J-8
53573,655-161JN/S
53535,655-181J
64661,655-181J-8
53575,655-181JN/S
53619,655-2041J
56230,655-2081J
53537,655-211J
53577,655-211JN/S
53539,655-224J
53579,655-224JN/S
53541,655-228J
53581,655-228JN/S
53543,655-229J
53583,655-229JN/S
53585,655-231J
53623,655-231JN/S
53587,655-234J
53625,655-234JN/S
53589,655-236J
53627,655-236JN/S
53591,655-238J
53629,655-238JN/S
53593,655-241J
53631,655-241JN/S
53595,655-242J
53633,655-242JN/S
53597,655-243J
53635,655-243JN/S
53599,655-244J
53637,655-244JN/S
53601,655-245J
53639,655-245JN/S
53603,655-261J
64660,655-261J-8
53641,655-261JN/S
53605,655-281J
64868,655-281J-8
53643,655-281JN/S
53620,655-3041J
56231,655-3081J
53607,655-341/5J
53645,655-341/5JN/S
53609,655-341J
53621,655-4041J
56232,655-4081J
53611,655-441/5J
20786,655-441/5J WCSC
56074,655-441/5JN/S
53613,655-441J
53622,655-5041J
56233,655-5081J
53615,655-511J
53649,655-511JN/S
53617,655-611J
53651,655-611JN/S
56229,655-881J
64869,655-881J-8
53807,656-10041J
53661,656-109J
53808,656-11041J
53662,656-111J
53721,656-111JN/S
53664,656-118J
53723,656-118JN/S
53809,656-12041J
53666,656-124J
53725,656-124JN/S
53668,656-128J
53727,656-128JN/S
53670,656-129J
53729,656-129JN/S
53672,656-131J
53731,656-131JN/S
53674,656-134J
53733,656-134JN/S
53676,656-136J
53735,656-136JN/S
53678,656-138J
53737,656-138JN/S
53680,656-141J
53739,656-141JN/S
53682,656-142J
53741,656-142JN/S
53684,656-143J
53743,656-143JN/S
53686,656-144J
53745,656-144JN/S
53688,656-145J
53747,656-145JN/S
53690,656-161J
64870,656-161J-8
53749,656-161JN/S
53692,656-181J
64872,656-181J-8
53751,656-181JN/S
53799,656-2041J
53694,656-209J
53695,656-211J
53753,656-211JN/S
53697,656-224J
53755,656-224JN/S
53699,656-228J
53757,656-228JN/S
53701,656-229J
53759,656-229JN/S
53703,656-231J
53761,656-231JN/S
53705,656-234J
53763,656-234JN/S
53707,656-236J
53765,656-236JN/S
53709,656-238J
53767,656-238JN/S
53711,656-241J
53769,656-241JN/S
53713,656-242J
53771,656-242JN/S
53715,656-243J
53773,656-243JN/S
53717,656-244J
53775,656-244JN/S
53719,656-245J
53777,656-245JN/S
53779,656-261J
64871,656-261J-8
53810,656-261JN/S
53781,656-281J
64873,656-281J-8
53812,656-281JN/S
53800,656-3041J
53783,656-341/5J
53814,656-341/5JN/S
53785,656-341J
53816,656-341JN/S
53801,656-4041J
53787,656-441/5J
53818,656-441/5JN/S
53789,656-441J
53820,656-441JN/S
53802,656-5041J
53791,656-511J
53822,656-511JN/S
53793,656-517J
53824,656-517JN/S
53803,656-6041J
53795,656-611J
53826,656-611JN/S
53797,656-617J
53828,656-617JN/S
53804,656-7041J
53805,656-8041J
56234,656-881J
64874,656-881J-8
53806,656-9041J
64436,657-1
64437,657-2
64438,657-3
65259,657-650Z
65257,657-709Z
65258,657-811Z
52744,657A
52743,657AA
52745,657B
52746,657BZ
52747,657C
52748,657CZ
52749,657D
52750,657E
52751,657EZ
52752,657F
52753,657G
52785,657H
56353,657MB
56354,657MBZ
56355,657MC
56356,657MCZ
56357,657ME
56358,657MEZ
52757,657P
52758,657R
52759,657S
52760,657T
52761,657TW
52763,657W
52764,657X
52765,657Y
56687,659A
55947,659AZ
55948,659BZ
56688,659G
64892,659MBZ
55949,659P
50314,66
68621,660
68620,661
52772,663L
52774,663MRL
52773,663RL
52783,665A
52784,665B
52754,665D
52792,665G
52789,665G-1
52790,665H
56275,665JZ
52756,665L
56276,665MJZ
52796,666-1
52797,666-1 1/2
64210,666-1/2
52807,666-10
52808,666-11
52809,666-12
52810,666-13
52811,666-14
52812,666-15
52813,666-16
52814,666-17
52815,666-18
52816,666-19
52798,666-2
52799,666-2 1/2
52817,666-20
52818,666-21
52819,666-22
52820,666-23
52821,666-24
52822,666-25
52800,666-3
52801,666-4
52802,666-5
52803,666-6
52804,666-7
52805,666-8
52806,666-9
52828,666M-10
52829,666M-15
52830,666M-20
52831,666M-25
52823,666M-3
52832,666M-30
52833,666M-35
52824,666M-4
52834,666M-40
52835,666M-45
52825,666M-5
52836,666M-50
52826,666M-6
52827,666M-8
52837,667-1
52838,667-1 1/2
64209,667-1/2
52848,667-10
52849,667-11
52850,667-12
52851,667-13
52852,667-14
52853,667-15
52854,667-16
52855,667-17
52856,667-18
52857,667-19
52839,667-2
52840,667-2 1/2
52858,667-20
52859,667-21
52860,667-22
52861,667-23
52862,667-24
52863,667-25
52864,667-26
52865,667-27
52866,667-28
52867,667-29
52841,667-3
52868,667-30
52842,667-4
52843,667-5
52844,667-6
52845,667-7
52846,667-8
52847,667-9
52874,667M-10
52875,667M-15
52876,667M-20
52877,667M-25
52869,667M-3
52878,667M-30
52879,667M-35
52870,667M-4
52880,667M-40
52881,667M-45
52871,667M-5
52882,667M-50
52872,667M-6
52873,667M-8
67155,668
57097,66B
55974,66MA
50315,66T
52884,670A
52724,670B
52886,671
52887,672-2
52888,672-3
52889,672-4
52891,673A
67192,673MXZ
67191,673XZ
66374,674-1
52892,674-2
52893,674-3
52894,674-4
66051,675G
55964,675GJ
56129,675GMJ
56647,676-1
56648,676-2
56649,676-3
56650,676-4
50316,67A
50317,67B
57075,682EMZ
63684,683-1Z
63685,683-2Z
63686,683-3Z
63687,683-4Z
64989,683M-1Z
64990,683M-2Z
64991,683M-3Z
64992,683M-4Z
63688,684-1Z
63689,684-2Z
63690,684-3Z
63691,684-4Z
64993,684M-1Z
64994,684M-2Z
64995,684M-3Z
64996,684M-4Z
63692,685-1Z
63693,685-2Z
63694,685-3Z
64997,685M-1Z
64998,685M-2Z
64999,685M-3Z
63695,686-1Z
63696,686-2Z
63697,686-3Z
65000,686M-1Z
65001,686M-2Z
65002,686M-3Z
63698,687-1Z
63699,687-2Z
63700,687-3Z
63701,687-4Z
65003,687M-1Z
65004,687M-2Z
65005,687M-3Z
65006,687M-4Z
63702,688-1Z
63703,688-2Z
63704,688-3Z
63705,688-4Z
65007,688M-1Z
65008,688M-2Z
65009,688M-3Z
65010,688M-4Z
63706,689-1Z
63707,689-2Z
63708,689-3Z
63709,689-4Z
65011,689M-1Z
65012,689M-2Z
65013,689M-3Z
65014,689M-4Z
50322,68A
50321,68B
63710,690-1Z
63711,690-2Z
63712,690-3Z
63713,690-4Z
63714,690M-1Z
63715,690M-2Z
63716,690M-3Z
63717,690M-4Z
63875,695
52903,696B
52902,696MZ
52905,696MZWOB
52901,696Z
52904,696ZWOB
52908,697MZ
52907,697Z
62810,698-10
62812,699-10
62811,699-5.5
52909,700A
52911,700B
56063,700MA
56064,700MB
52913,701A
52915,701B
57121,706AZ
57122,706BZ
64968,706MAZ
64969,706MBZ
50323,70A
50327,70AX
50324,70B
56092,70BX
52942,711-35
52941,711-49
52924,711EA
52980,711FS
52981,711FS/GS
52925,711FSAZ
52927,711FSBZ
52929,711FSZ
52943,711GCSZ
52944,711GPSZ
52951,711HSAZ
52953,711HSZ
52957,711LCSZ
52958,711LPSZ
52926,711MFSAZ
52930,711MFSZ
52945,711MGCSZ
52946,711MGPSZ
64427,714AAFLZ
64428,714AFLZ
64429,714BFLZ
64431,714CFLZ
64432,714DFLZ
64433,714EFLZ
64430,714GFLZ
64434,714JFLZ
66108,714MEAAFLZ
66109,714MEAFLZ
66112,714MEDFLZ
66113,714MEEFLZ
66111,714MEGFLZ
66110,714MEJFLZ
64479,715-1Z
64480,715-2Z
64186,715-6
64187,715-7
64188,715-8
64189,715-9
67229,716MX
67228,716X
67001,717
66490,719
57070,723ZZ-6/722ZZ-6
52994,724LZ-18
52995,724LZ-24
52996,724LZ-30
52997,724LZ-36
52998,724LZ-42
52999,724LZ-48
53000,724LZ-54
53001,724LZ-60
64322,724MLZ-1050
64323,724MLZ-1200
64324,724MLZ-1350
64325,724MLZ-1500
64318,724MLZ-450
64319,724MLZ-600
64320,724MLZ-750
64321,724MLZ-900
65163,731ZZ-2
65440,733MEXFL-25
66080,733MEXFLZ-100
66081,733MEXFLZ-125
66082,733MEXFLZ-150
66083,733MEXFLZ-175
66084,733MEXFLZ-200
66085,733MEXFLZ-225
66086,733MEXFLZ-250
66087,733MEXFLZ-275
66088,733MEXFLZ-300
66089,733MEXFLZ-325
66090,733MEXFLZ-350
66091,733MEXFLZ-375
66092,733MEXFLZ-400
66093,733MEXFLZ-425
66094,733MEXFLZ-450
66095,733MEXFLZ-475
65441,733MEXFLZ-50
66096,733MEXFLZ-500
66097,733MEXFLZ-525
66098,733MEXFLZ-550
66099,733MEXFLZ-575
66100,733MEXFLZ-600
66079,733MEXFLZ-75
69888,733SCKB
69893,733SCM
69898,733SCU
64239,733XFL-1
66905,733XFL-1 W/SLC
64249,733XFLZ-10
64250,733XFLZ-11
64251,733XFLZ-12
64415,733XFLZ-13
64416,733XFLZ-14
64417,733XFLZ-15
64418,733XFLZ-16
64419,733XFLZ-17
64420,733XFLZ-18
64421,733XFLZ-19
64241,733XFLZ-2
64422,733XFLZ-20
64423,733XFLZ-21
64424,733XFLZ-22
64425,733XFLZ-23
64426,733XFLZ-24
64242,733XFLZ-3
64243,733XFLZ-4
64244,733XFLZ-5
64245,733XFLZ-6
64246,733XFLZ-7
64247,733XFLZ-8
64248,733XFLZ-9
66138,733ZZ-3
66139,733ZZ-4
66140,733ZZ-5
66141,733ZZ-6
65494,738
64955,739
50342,73A-12
50334,73A-4
50336,73A-6
50338,73A-8
50343,73B-12
50335,73B-4
50337,73B-6
50339,73B-8
68854,749BZ-12RL
65063,749BZ-6RL
66124,749MEBZ-150
68855,749MEBZ-300
64042,756FL-1
66134,756MEFL-25
64051,760FL
66135,760MEFL
69886,7612
14983,7612ECM-3
14984,7612ECM-5
69905,7612FTS
69899,7612PS
69885,7613
65854,761A
65855,761B
66555,761GL
66077,762MEXFL-25
66137,762MEXFL-50
65060,762NXRL
65058,762XFL
65062,762XFL-2
66445,764AXFL
66525,764BXFL
66446,764MEAXFL
67659,765A
66447,769AXFL
66448,769MEAXFL
68640,776-12
68796,776-12R
68817,776-1Z
68818,776-2Z
68641,776-30
68797,776-30R
68819,776-7
68820,776-8
68821,776-9
68635,776A
68636,776B
68761,776C
68762,776D
68763,776E
67136,777MEXFLZ
67135,777XFLZ
65484,78/782F
65485,78/782G
65486,78/782H
65487,78/782J
65488,78/782K
12027,780XTZ-1
12039,780XTZ-10
12015,780XTZ-100
12040,780XTZ-11
12041,780XTZ-12
12016,780XTZ-120
12028,780XTZ-138
12017,780XTZ-160
12029,780XTZ-2
12019,780XTZ-200
12020,780XTZ-250
12030,780XTZ-258
12021,780XTZ-312
12032,780XTZ-314
12022,780XTZ-375
12033,780XTZ-4
12034,780XTZ-5
12024,780XTZ-500
12035,780XTZ-6
12025,780XTZ-625
12036,780XTZ-7
12026,780XTZ-750
12037,780XTZ-8
12038,780XTZ-9
68708,781XTP-12
68705,781XTP-250
68707,781XTP-4
68706,781XTP-750
68651,781XTZ-1
68159,781XTZ-100
68160,781XTZ-120
67685,781XTZ-138
68161,781XTZ-160
67686,781XTZ-2
68162,781XTZ-200
68163,781XTZ-250
67687,781XTZ-258
68164,781XTZ-312
67688,781XTZ-314
68165,781XTZ-375
67689,781XTZ-4
67690,781XTZ-5
68166,781XTZ-500
67691,781XTZ-6
68167,781XTZ-625
67692,781XTZ-7
68168,781XTZ-750
67693,781XTZ-8
66128,786MEP-100
66129,786MEP-125
66118,786MEP-25
66126,786MEP-50
66127,786MEP-75
65225,786P-1
65226,786P-2
65227,786P-3
65228,786P-4
65229,786P-5
66450,788MEXFL
66449,788XFL
68146,78MXTZ-10
67864,78MXTZ-100
68147,78MXTZ-12.5
67865,78MXTZ-125
67866,78MXTZ-150
68148,78MXTZ-16
67867,78MXTZ-175
68140,78MXTZ-2.5
68149,78MXTZ-20
67868,78MXTZ-200
67869,78MXTZ-225
68150,78MXTZ-25
67870,78MXTZ-250
67871,78MXTZ-275
68141,78MXTZ-3
67872,78MXTZ-300
67861,78MXTZ-35
68142,78MXTZ-4
68143,78MXTZ-5
67862,78MXTZ-50
68144,78MXTZ-6
67863,78MXTZ-65
68145,78MXTZ-8
68650,78MXTZ-80
68134,78XTZ-1
67858,78XTZ-10
68124,78XTZ-100
67859,78XTZ-11
67860,78XTZ-12
68125,78XTZ-120
67674,78XTZ-138
68126,78XTZ-160
67675,78XTZ-2
68127,78XTZ-200
68128,78XTZ-250
67676,78XTZ-258
68129,78XTZ-312
67677,78XTZ-314
68130,78XTZ-375
67678,78XTZ-4
67679,78XTZ-5
68131,78XTZ-500
67680,78XTZ-6
68132,78XTZ-625
67681,78XTZ-7
68133,78XTZ-750
67682,78XTZ-8
67857,78XTZ-9
64048,790AFL-1
66071,790MEAFL-25
69080,795MEXFL-100
69077,795MEXFL-25
69078,795MEXFL-50
69079,795MEXFL-75
69887,795SCKB
69892,795SCM
69897,795SCU
67827,795XFL-1
69074,795XFL-2
69075,795XFL-3
69076,795XFL-4
69085,795XRL-1
69086,795XRL-2
69087,795XRL-3
69088,795XRL-4
69084,796MXFL-25
67828,796XFL-1
69081,796XFL-2
69082,796XFL-3
69083,796XFL-4
69089,796XRL-1
69090,796XRL-2
69091,796XRL-3
69092,796XRL-4
69890,797SCKB
69895,797SCM
20800,798A-12/300
20798,798A-6/150
20799,798A-8/200
12525,798B-12/300
12526,798B-12/300 W/SLC
12521,798B-6/150
12522,798B-6/150 W/SLC
12523,798B-8/200
12524,798B-8/200 W/SLC
12782,798BX-6/150
69889,798SCKB
69894,798SCM
67621,799A-12/300
67410,799A-6/150
67620,799A-6/150 W/SLC
67412,799A-8/200
67413,799A-8/200 W/SLC
11978,799AZ-24/600
11979,799AZ-40/1000
50372,79A-12
50364,79A-4
50366,79A-6
50368,79A-8
50373,79B-12
50365,79B-4
50367,79B-6
50369,79B-8
53029,800A
53030,800B
53031,800C
53032,800D
53033,800E
67714,80-111J
55891,80-114J
55892,80-134J
55893,80-144J
56808,80-144J WFB
53039,806
53040,806D
56008,80SB
53380,81-111-624J
53382,81-111-630J
53378,81-111J
53440,81-111JN/S
57081,811-1CZ
57082,811-1PZ
53384,81-124J
53442,81-124JN/S
53386,81-128J
53444,81-128JN/S
53388,81-131J
20794,81-131J-8
53446,81-131JN/S
53390,81-134J
20797,81-134J-8
53448,81-134JN/S
53394,81-136-622J
53396,81-136-623J
53392,81-136J
53450,81-136JN/S
53398,81-138J
53452,81-138JN/S
53400,81-141J
53454,81-141JN/S
53402,81-142J
53456,81-142JN/S
53406,81-143-628J
66666,81-143-629J
53404,81-143J
53458,81-143JN/S
53408,81-144J
53460,81-144JN/S
53410,81-145J
53462,81-145JN/S
57079,811-5CZ
57080,811-5PZ
56043,81-161J
64643,81-161J-8
64692,81-161JN/S
53412,81-181J
64645,81-181J-8
53464,81-181JN/S
57083,811-MCZ
57084,811-MPZ
53414,81-211J
53466,81-211JN/S
65242,812-1AZ
53416,81-224J
53468,81-224JN/S
53418,81-228J
53470,81-228JN/S
65243,812-2AZ
53420,81-231J
53472,81-231JN/S
53422,81-234J
53474,81-234JN/S
53424,81-236J
53476,81-236JN/S
53426,81-238J
53478,81-238JN/S
53428,81-241J
53480,81-241JN/S
53430,81-242J
53482,81-242JN/S
53432,81-243J
53484,81-243JN/S
53434,81-244J
53486,81-244JN/S
53436,81-245J
53488,81-245JN/S
56045,81-261J
64644,81-261J-8
64693,81-261JN/S
53438,81-281J
64646,81-281J-8
53490,81-281JN/S
53041,815
53042,815P
53043,816A
53044,816B
53046,816D
53048,818
53049,819
53050,823AZ
53052,823BZ
53054,823CZ
53055,823DZ
53056,823EZ
53058,823FZ
53061,823H
53051,823MAZ
53053,823MBZ
53057,823MEZ
56666,824A
56665,824AA
56667,824B
56668,824C
56669,824D
56670,824E
56671,824F
56672,824G
56673,824H
56674,824J
56675,824K
56676,824L
64193,824MA
64192,824MAA
64194,824MB
64195,824MC
56677,824N
53062,827A
53063,827B
56041,827MA
66452,827MB
53066,828A
53067,828B
53068,828C
53069,828D
53070,829A
53071,829B
53072,829C
53073,829D
66015,82A2
66016,82A3
66017,82A4
66018,82A5
66019,82A6
66013,82AB1
55791,82AZ
66020,82B2
66021,82B3
66022,82B4
66023,82B5
66024,82B6
66025,82B7
55792,82BZ
66026,82C1
66028,82C2
66029,82C3
66030,82C4
66031,82C5
66032,82C6
66033,82C7
66034,82C8
66035,82C9
55793,82CZ
66014,82MAB1
66010,82MAZ
66011,82MBZ
66027,82MC1
66012,82MCZ
53076,830A
53077,830B
53078,830C
53079,830D
53080,830E
53083,831A
53084,831B
53085,831C
53086,831D
50384,83A-12
50376,83A-4
50378,83A-6
50380,83A-8
50385,83B-12
50377,83B-4
50379,83B-6
50381,83B-8
64924,84MZ-161-5J
64926,84MZ-161-6J
64928,84MZ-161-7J
64925,84MZ-181-5J
64927,84MZ-181-6J
64929,84MZ-181-7J
50386,84Z-111-5J
50388,84Z-111-6J
50390,84Z-111-7J
50392,84Z-134-5J
50394,84Z-134-6J
50396,84Z-134-7J
50398,85A
50399,85B
50400,85C
50401,85D
50402,85E
50403,85F
50404,86A
50037,8H
50038,8HC
55397,910
55399,912
50043,9-12-16R
50042,9-12-4R
55400,913
64165,914
64166,915
55152,916
55154,918
50044,9-18-4R
55155,919
50419,91A
50420,91B
50421,91C
50422,91D
55213,921
55222,922
50045,9-24-4R
50423,92-6
55249,928
50426,92-9
55276,930
55277,931
55278,932
55279,933
55280,934
55281,935
55295,936
55297,937
55298,938
55331,939
50427,93A
50428,93B
50429,93C
50430,93D
50431,93E
50432,93F
55359,940
55961,942
55971,943
56684,945
56695,946
63874,949
63878,950
55153,951
55223,952
55224,953
55225,954
55226,955
55227,956
67551,964
67552,965
68627,969
68838,970
68973,971
50443,98-12
66934,98-12 W/SLC
50445,98-18
50440,98-4
50441,98-6
66935,98-6 W/SLC
50442,98-8
50444,98Z-12
66933,98Z-12 W/SLC
50446,98Z-18
56253,9M-300
56254,9M-600
50047,9ME-300
50048,9ME-600
64515,B120A-6
66917,B120A-6 W/SLC
50086,B12-16R
50083,B12-4R
55985,B150-35
55991,B150-36
50090,B18-16R
50088,B18-4R
50095,B24-16R
50092,B24-4R
12460,B248B
12461,B248C
12462,B248D
12463,B248E
55986,B300-35
50101,B300-36
50236,B33J-16R
50235,B33J-4R
50076,B4-4R
14571,B5000BZ-20/500
14572,B5000BZ-24/600
14573,B5000BZ-40/1000
12465,B565A
12466,B565B
12467,B565C
12468,B565D
12469,B565E
12470,B565F
12471,B565G
12472,B565H
55987,B600-35
50102,B600-36
50081,B6-16R
50079,B6-4R
63263,B811-1CZ
63264,B811-1PZ
63261,B811-5CZ
63262,B811-5PZ
50041,B824-4
50458,C100F-12
50459,C100F-24
50074,C11-1224
50072,C11-4
50073,C11-6
56368,C11H-12-16R
56366,C11H-12-4R
66896,C11H-12-4RW/SLC
56372,C11H-18-16R
56370,C11H-18-4R
56376,C11H-24-16R
56374,C11H-24-4R
56360,C11H-4-4R
56364,C11H-6-16R
56362,C11H-6-4R
56369,C11HC-12-16R
56367,C11HC-12-4R
56373,C11HC-18-16R
56371,C11HC-18-4R
56377,C11HC-24-16R
56375,C11HC-24-4R
56361,C11HC-4-4R
56365,C11HC-6-16R
56363,C11HC-6-4R
56386,C11MEH-300
56388,C11MEH-600
56387,C11MEHC-300
56389,C11MEHC-600
56380,C11MH-150
56382,C11MH-300
56384,C11MH-600
56381,C11MHC-150
56383,C11MHC-300
56385,C11MHC-600
64290,C12-12-4R
66931,C12-12-4R W/SLC
64361,C182
50672,C183
66930,C183 W/SLC
50127,C19
51205,C251A
55243,C251AZZ
51207,C251B
55244,C251BZZ
51209,C251C
55245,C251CZZ
51211,C251D
51212,C251E
51334,C303R-6
51336,C303SR-12
51338,C303SR-24
51335,C303SR-6
66009,C304R-12
56645,C304R-24
66008,C304R-6
51344,C304SRE-12
51343,C304SRE-6
51348,C305R-12
66881,C305R-12 W/SLC
51349,C305R-18
51350,C305R-24
51347,C305R-6
66880,C305R-6 W/SLC
51353,C306R-12
51352,C306R-6
51357,C309R-6
56701,C310K-6
56429,C310R-12
56431,C310R-24
51368,C310R-6
56700,C310T-6
51375,C316R-12
51376,C316R-18
51377,C316R-24
51374,C316R-6
51329,C330-150
66882,C330-150 W/SLC
51330,C330-300
66883,C330-300 W/SLC
51331,C331-150
50228,C33-1224
51332,C331-300
50226,C33-4
56262,C334-150
56696,C334-300
56697,C334-500
56048,C335S-300
50227,C33-6
56398,C33H-12-16R
56396,C33H-12-4R
66897,C33H-12-4RW/SLC
56402,C33H-18-16R
56400,C33H-18-4R
56406,C33H-24-16R
56404,C33H-24-4R
56390,C33H-4-4R
56394,C33H-6-16R
56392,C33H-6-4R
56399,C33HC-12-16R
56397,C33HC-12-4R
56403,C33HC-18-16R
56401,C33HC-18-4R
56407,C33HC-24-16R
56405,C33HC-24-4R
56391,C33HC-4-4R
56395,C33HC-6-16R
56393,C33HC-6-4R
56416,C33MEH-300
56418,C33MEH-600
56417,C33MEHC-300
56419,C33MEHC-600
56410,C33MH-150
56412,C33MH-300
56414,C33MH-600
56411,C33MHC-150
56413,C33MHC-300
56415,C33MHC-600
51394,C359BZ
51396,C359DZ
51398,C359FZ
66929,C359FZ W/SLC
51424,C368-12
51425,C368-24
51428,C370-12
51429,C370-24
51430,C374-12
51431,C374-24
51432,C375-12
51433,C375-24
51434,C376-12
51435,C377-12
51436,C377-24
51437,C378-12
51473,C389-12
51474,C389-24
51475,C391
51477,C396
51478,C398M
56192,C404R-120
56193,C404R-144
51484,C404R-24
51485,C404R-36
66888,C404R-36 W/SLC
51486,C404R-48
66889,C404R-48 W/SLC
51488,C404R-72
56191,C404R-96
56198,C416R-120
56199,C416R-144
51509,C416R-24
51510,C416R-36
51511,C416R-48
51513,C416R-72
56197,C416R-96
51549,C434-12-16R
51548,C434-12-4R
66898,C434-12-4RW/SLC
51551,C434-18-16R
51550,C434-18-4R
51553,C434-24-16R
51552,C434-24-4R
56420,C434M-300
56421,C434M-600
56422,C434ME-300
56423,C434ME-600
66682,C435-12-4R
61918,C435M-300
52514,C490-12-4R
64602,C491-12-4R
52532,C493
52534,C493B
14574,C5001BZ-40/1000
52640,C601-12
52639,C601-6
56464,C604R-1
52679,C604R-12
66885,C604R-12 W/SLC
52680,C604R-18
66886,C604R-18 W/SLC
56465,C604R-2
52681,C604R-24
66887,C604R-24 W/SLC
56466,C604R-3
52682,C604R-36
56467,C604R-4
52683,C604R-48
52678,C604R-6
66884,C604R-6 W/SLC
52661,C604RE-12
52660,C604RE-6
52653,C606R-12
52652,C606R-6
52689,C607R-12
52691,C607R-24
56436,C607R-36
56437,C607R-48
52688,C607R-6
67103,C610N-12
52696,C610N-6
52702,C616R-12
52701,C616R-6
56660,C622R-6
56661,C623R-6
63502,C63502
52633,C635-1000
52630,C635-150
66893,C635-150 W/SLC
64299,C635-1800MM
52631,C635-300
66894,C635-300 W/SLC
52632,C635-500
55968,C635E-150
52637,C636-1000
66892,C636-1000 W/SLC
52635,C636-300
66891,C636-300 W/SLC
52636,C636-500
57064,C636EM-6
52634,C636ME-150
66890,C636ME-150W/SLC
56049,C637-150
55969,C637E-150
50040,C8
50046,C9-12-4R
50087,CB12-16R
50084,CB12-4R
50085,CB12-6R
55988,CB150-35
55992,CB150-36
50091,CB18-16R
50089,CB18-4R
50096,CB24-16R
50093,CB24-4R
50094,CB24-6R
55989,CB300-35
55993,CB300-36
67101,CB33J-16R
67100,CB33J-4R
50098,CB36-16R
50097,CB36-4R
50078,CB4-16R
50077,CB4-4R
67102,CB48-4R
55990,CB600-35
55994,CB600-36
50082,CB6-16R
50080,CB6-4R
52666,CD604R-12
52665,CD604R-6
56475,CH404R-120
56476,CH404R-144
51494,CH404R-24
51495,CH404R-36
51496,CH404R-48
51498,CH404R-72
56474,CH404R-96
56478,CH416R-120
56479,CH416R-144
51519,CH416R-24
51520,CH416R-36
51521,CH416R-48
51523,CH416R-72
56477,CH416R-96
52674,CH604R-12
52675,CH604R-18
52676,CH604R-24
52677,CH604R-36
52673,CH604R-6
52699,CH610N-6
50122,CP10-1M
50123,CP10-3M
50124,CP5.5-1M
12256,CP505A-12
20939,CP505E-12
50108,CPNR-1224W
52516,CPR-1224S
64601,CPR-1224W
14575,D5001BZ-60/1500
52664,DH604R-12
52662,DH604R-6
64623,F190A
64624,F190D
43,F2720-1AD
49500,F2720AD
49504,F2720ADM
49508,F2720IQ
49512,F2720IQM
45,F2730-1AD
49516,F2730-1IQ
49501,F2730AD
49505,F2730ADM
49509,F2730IQ
49513,F2730IQM
49502,F2740AD
49506,F2740ADM
49510,F2740IQ
49514,F2740IQM
49503,F2750AD
49507,F2750ADM
49511,F2750IQ
49515,F2750IQM
14588,F5005BZ-24/600
50071,H11-1224
50069,H11-4
50070,H11-6
56804,H121
50557,H124A/B
50558,H124C
56793,H124MA/MB
50225,H33-1224
50223,H33-4
50224,H33-6
52112,H439
52669,H604R-12
52667,H604R-6
52698,H610N-12
52697,H610N-6
52906,H696
53011,H724L
53010,H724LOS
50039,H8
53059,H823A/B
53060,H823C/D/E
57069,H823MA/MB
56794,H823MC/MD/ME
20949,HT-1100G-01
20948,HT-1300-01
20945,HT-1800-100
20946,HT-1800-102
20940,HT-1800-110
20941,HT-1800-115
20944,HT-1800-120
20942,HT-1800-125
20943,HT-1800-130
20947,HT-2500-105
63189,L123Z-60
63190,L123Z-72
93221,M-1.01
93227,M-1.05
93251,M-1.15
93233,M-1.53
95173,M1-95173
12008,M1-D12
65870,P2711-0
65871,P2711-1
65872,P2721-0
65873,P2721-1
67146,P2721-1M
65874,P2731-0
65875,P2731-1
65978,P2741-1
67143,P2741-1M
65979,P2751-1
36271,PBB-16
50107,PNR-1224W
52515,PR-1224S
52525,PR-1224W
67773,PR38
68850,PT00764
70200,PT01579
50006,PT01931-1
50007,PT01932-1
70330,PT02351A
70331,PT02351B
70332,PT02355A
70333,PT02355B
70362,PT02449A
70361,PT02449AA
70363,PT02449B
70364,PT02449C
70365,PT02449D
70366,PT02449E
70538,PT04780
70539,PT04781
67879,PT05050
67880,PT05051
67881,PT05052
67882,PT05053
67883,PT05054
67884,PT05055
67885,PT05056
67886,PT05057
67887,PT05058
67888,PT05059
67889,PT05060
67890,PT05061
67891,PT05062
67892,PT05063
67893,PT05064
67894,PT05065
67895,PT05067
67896,PT05068
67897,PT05069
67829,PT05085
67898,PT05091
67899,PT05092
67900,PT05100
67901,PT05101
67902,PT05102
67903,PT05103
67904,PT05104
67905,PT05105
67906,PT05106
67907,PT05107
67908,PT05108
67909,PT05112
67910,PT05113
67911,PT05114
67912,PT05115
70556,PT05116
70557,PT05119
67913,PT05122
67914,PT05123
67915,PT05124
67916,PT05125
67917,PT05127
67918,PT05128
67919,PT05129
67920,PT05130
67921,PT05177
67922,PT05178
67923,PT05179
67924,PT05180
67925,PT05181
67926,PT05182
67927,PT05183
67928,PT05184
67929,PT05185
67930,PT05186
67931,PT05187
67932,PT05188
67933,PT05189
67934,PT05191
67935,PT05192
67936,PT05193
67937,PT05194
67938,PT05195
67939,PT05196
67940,PT05197
67941,PT05198
67942,PT05199
67943,PT05200
67944,PT05245
67945,PT05246
67946,PT05247
67947,PT05248
67948,PT05249
67949,PT05250
67950,PT05251
67951,PT05252
67952,PT05253
67953,PT05254
67954,PT05255
67955,PT05256
67956,PT05257
67957,PT05258
67958,PT05259
67959,PT05260
67960,PT05261
67961,PT05264
67962,PT05265
67963,PT05266
67964,PT05267
67965,PT05268
67966,PT05269
67967,PT05270
67968,PT05271
67969,PT05272
67970,PT05273
67971,PT05276
67972,PT05277
67973,PT05278
51227,PT05409A
68828,PT05414
68829,PT05415
70617,PT05471
70618,PT05472
70619,PT05473
68752,PT05679
68172,PT05713
68773,PT05727
12825,PT06133
12826,PT06134
12827,PT06135
12828,PT06136
12829,PT06137
12830,PT06138
12831,PT06139
70770,PT06608-1
70772,PT06608E
70773,PT06608F
70774,PT06608J
70776,PT06608M
70798,PT06632-10
70799,PT06632-11
70800,PT06632-12
70801,PT06632-13
70802,PT06632-14
70803,PT06632-15
70804,PT06632-17
70805,PT06632-18
70806,PT06632-19
70790,PT06632-2
70808,PT06632-20
70807,PT06632-21
70791,PT06632-3
70792,PT06632-4
70793,PT06632-5
70794,PT06632-6
70795,PT06632-7
70796,PT06632-8
70797,PT06632-9
70823,PT06677
70824,PT06677A
70825,PT06677B
70826,PT06677C
70827,PT06677D
70828,PT06677E
70829,PT06677F
70830,PT06677G
70831,PT06677H
70832,PT06677J
70833,PT06677K
12901,PT06689
12902,PT06690
72275,PT06722
52755,PT06784-A
70855,PT06836
70856,PT06836-1
70857,PT06836F
70858,PT06836J
70859,PT06836M
72223,PT06836S
72224,PT06878E
71992,PT06878F
70873,PT06878J
70874,PT06878M
72225,PT06903E
71994,PT06903F
71995,PT06903J
70882,PT06903M
70888,PT06966-1
71996,PT06966A
70912,PT07087
52966,PT07087X
70924,PT07101F
70929,PT07104F
52937,PT07107A
70944,PT07136
52965,PT07136X
70945,PT07137
52964,PT07137X
70960,PT07206-1
70965,PT07215
70980,PT07317-1
71997,PT07317A
70988,PT07348
70995,PT07389
70997,PT07390
51383,PT08680A
66052,PT08726A
72032,PT08903
51233,PT08962A
71256,PT09545
71260,PT09560
71261,PT09560A
71262,PT09560B
71263,PT09560C
71264,PT09560D
71265,PT09560E
71266,PT09560F
71267,PT09560G
71268,PT09560H
71269,PT09560J
71270,PT09560K
71289,PT09763
72048,PT10453
66068,PT10453-X
71327,PT10459
71361,PT11770A
71399,PT13017
71441,PT13301
71460,PT13791
71511,PT14343
71527,PT14398
71534,PT14443
537,PT15052
538,PT15053
71555,PT16584
71556,PT16585
71557,PT16586
71597,PT16846
72400,PT17850
72040,PT18318
50709,PT18718
50710,PT18724
72049,PT19306
72268,PT19803
72283,PT19804
72279,PT19832
64633,PT21697-1
64632,PT21697-1/2
64634,PT21697-2
64635,PT21697-3
64636,PT21697-4
65861,PT22287
65862,PT22288
72443,PT22315
72453,PT22315X
12295,PT22357
12282,PT22389
12283,PT22390
72440,PT22428
72441,PT22429
72442,PT22430
64640,PT22431
64059,PT22938
67105,PT22938-50
64135,PT22939
63424,PT22950
72444,PT23011
72456,PT23011X
72451,PT23062
72452,PT23062X
72454,PT23064
72455,PT23064X
63879,PT23710-1
63880,PT23710-2
63881,PT23710-3
63882,PT23710-4
63883,PT23710-5
63884,PT23710-6
63885,PT23710-7
63886,PT23710-8
64222,PT23914
65255,PT23942
65256,PT23943
65868,PT23953
64024,PT23986
72486,PT24073
72482,PT24074
72487,PT24075
72483,PT24076
72488,PT24077
72484,PT24078
72489,PT24079
72485,PT24080
64359,PT24272
65064,PT24706
64963,PT24728
64964,PT24729
64985,PT24890
72023,PT25044
72027,PT25053
72030,PT25071
72028,PT25079
72029,PT25157
72031,PT25158
72024,PT25159
72026,PT25160
72025,PT25161
67294,PT25577
65101,PT26007
65099,PT26008
65102,PT26009
65100,PT26091
64440,PT26151
66043,PT26263
65867,PT26341
65884,PT26404
65885,PT26405
65886,PT26406
65887,PT26407
65888,PT26408
65889,PT26409
65890,PT26410
65891,PT26411
65892,PT26412
65880,PT26413
65882,PT26415
65883,PT26416
65893,PT26441
66048,PT26546
66293,PT26848
66239,PT27024
66457,PT27171
12281,PT27366
67186,PT27708
67187,PT27710
67185,PT27724
67009,PT27937
67010,PT27940
67011,PT27944
67014,PT27945
67017,PT27946
67012,PT27948
67016,PT27949
67015,PT27950
67013,PT27952
67007,PT28131
67666,PT28287
68846,PT28314
68847,PT28315
68848,PT28316
12355,PT44055
45060,PT45065
45001,PT45066
45250,PT45250
45500,PT45500
45625,PT45625
45750,PT45750
45832,PT45832
45916,PT45916
63839,PT60636
72499,PT60642
64139,PT60883
65446,PT61120
65046,PT61132
65444,PT61192
65904,PT61489
65905,PT61490
66454,PT61768
66668,PT61836
66636,PT61963
67018,PT62011
67002,PT62015
67658,PT62425
68638,PT62514
68639,PT62515
68822,PT62606
62021,PT62680-1
62022,PT62680-2
62023,PT62680-3
62024,PT62742
12188,PT62785
12547,PT63298-2N
12548,PT63299-3N
12552,PT63303-7N
12553,PT63304-8N
72517,PT63388
12562,PT63389-18N
65049,PT92925
71753,PT99004
71755,PT99006
12141,PT99021
71838,PT99115
71839,PT99116
71840,PT99117
71841,PT99118
71842,PT99119
71843,PT99120
66331,PT99143
71872,PT99155
66332,PT99183
66333,PT99190
71920,PT99205
66334,PT99266
66335,PT99267
66336,PT99268
72476,PT99306
72477,PT99307
72478,PT99308
72479,PT99309
72480,PT99310
72481,PT99311
51392,PT99329
71973,PT99331
71974,PT99332
71975,PT99333
71976,PT99334
71977,PT99335
71978,PT99336
71979,PT99337
71980,PT99338
71981,PT99339
71982,PT99341
71983,PT99342
71984,PT99343
71985,PT99344
71986,PT99345
71987,PT99346
71988,PT99347
71989,PT99348
71990,PT99349
66684,PT99354
72088,PT99356
66673,PT99358
66674,PT99359
66675,PT99360
72193,PT99361
72194,PT99362
72195,PT99363
72196,PT99364
72197,PT99365
72198,PT99366
72199,PT99367
72200,PT99368
72201,PT99369
72202,PT99371
72203,PT99372
72204,PT99373
72205,PT99374
72206,PT99375
72207,PT99376
72208,PT99377
72209,PT99378
72210,PT99379
72211,PT99381
72212,PT99382
72213,PT99383
72214,PT99384
72215,PT99385
72216,PT99386
72217,PT99391
72218,PT99392
72219,PT99393
72220,PT99394
72221,PT99395
72222,PT99396
72306,PT99402
64496,PT99429
64497,PT99430
64498,PT99431
64499,PT99432
64500,PT99433
64492,PT99437
64493,PT99438
52991,PT99441
68713,PT99454
12280,PT99455
11626,PT99457
11627,PT99458
11628,PT99459
11629,PT99460
11630,PT99461
11631,PT99462
72493,PT99486
72494,PT99487
72495,PT99488
72496,PT99489
72497,PT99490
72498,PT99491
65650,PT99492
66038,PT99513
68637,PT99530
11632,PT99531
11633,PT99532
11634,PT99533
11635,PT99534
11636,PT99535
11637,PT99536
73955,PT99537
73953,PT99538
73954,PT99539
73952,PT99540
73951,PT99541
73950,PT99542
4,PT99543
73056,PT99556
72642,PT99557
72643,PT99558
74070,PT99559
64516,R120A-6
66918,R120A-6 W/SLC
65876,R2760-1
67147,R2760-1M
65877,R2761-1
65878,R2762-0
66514,R2762-0M
65879,R2763-0
67149,R2763-0M
63267,R811-1CZ
63268,R811-1PZ
63265,R811-5CZ
63266,R811-5PZ
68199,RBB-94
68198,RBC-63
68197,RBR-30
64948,RV263MRL
57071,RV263RL
57072,RV363RL
60845,RV463MRL
57073,RV463RL
64688,RV463XRL
50488,S117PC
50586,S154LZ
55195,S154LZZ
50584,S154SZ
55194,S154SZZ
50603,S162
50604,S162Z
50613,S166
50614,S166Z
50616,S167AHZ
50615,S167AZ
50617,S167BZ
50619,S167CHZ
66876,S167CHZ W/SLC
50618,S167CZ
50620,S167DZ
55818,S167MAHZ
55817,S167MAZ
55819,S167MBZ
55821,S167MCHZ
55820,S167MCZ
55822,S167MDZ
50680,S190
50687,S191
66997,S2000AZ
50854,S226ARLZ
50862,S226BRLZ
50928,S229FZ
55229,S229FZZ
50929,S229GZ
55230,S229GZZ
50852,S234C
51897,S234D
50860,S234E
66878,S234E W/SLC
51917,S234F
66879,S234F W/SLC
51929,S234G
66877,S234G W/SLC
64146,S234J
51893,S234MC
51901,S234MD
51913,S234ME
51925,S234MF
51937,S234MG
64467,S234MJ
51140,S240Z
51187,S248
51186,S248PC
56283,S253MZ
51218,S253Z
55175,S264RWBZZ
51285,S264WB
12229,S3020Z
13015,S3089MZ-181-160J
13016,S3089Z-131-6J
12726,S3732BXFLZ
12727,S3732CXFLZ
63676,S384-1Z
63677,S384-2Z
63678,S384-3Z
51453,S384JZ
67285,S38R
67480,S4000-060
67481,S4001-060
67482,S4002-250
67484,S4004-500
51524,S423Z
68035,S436.1ARLZ
68036,S436.1AXRLZ
68039,S436.1BRLZ
68040,S436.1BXRLZ
68043,S436.1CRLZ
68044,S436.1CXRLZ
68067,S436.1MARLZ
68068,S436.1MAXRLZ
68070,S436.1MBRLZ
68071,S436.1MBXRLZ
68073,S436.1MCRLZ
68074,S436.1MCXRLZ
51919,S436DRLZ
64463,S436DXRLZ
51931,S436ERLZ
52012,S436EXRLZ
64466,S436FXRLZ
64339,S436FZZ
64461,S436MDXRLZ
52014,S436MEXRLZ
64462,S436MFXRLZ
67203,S551Z-7
52564,S555Z-6
52566,S555Z-7
52587,S565PC
52586,S565WB
52616,S579GZ
55341,S579GZZ
52617,S579HZ
55342,S579HZZ
63274,S667A
52883,S667D
64949,S667MA
67150,S668A
67151,S668BZ
67152,S668CZ
67153,S668DZ
12206,S766AZ
12207,S766MAZ
68930,S7793Z
12043,S780XTBZ
12044,S780XTCZ
12045,S780XTDZ
12046,S780XTEZ
12047,S780XTFZ
12048,S780XTGZ
12049,S780XTKZ
12050,S780XTLZ
68169,S781XTBZ
68170,S781XTCZ
68171,S781XTDZ
67694,S781XTEZ
67695,S781XTFZ
67696,S781XTGZ
68658,S781XTHZ
67697,S781XTJZ
67698,S781XTKZ
67699,S781XTLZ
68155,S78MXTAZ
68156,S78MXTBZ
68157,S78MXTCZ
68158,S78MXTDZ
67873,S78MXTEZ
67874,S78MXTFZ
68152,S78XTBZ
68153,S78XTCZ
68154,S78XTDZ
67683,S78XTEZ
67684,S78XTFZ
64131,S800PC
57078,S816PC
57118,S816PCZZ
56678,S824AZ
56679,S824BZ
56680,S824CZ
56681,S824DZ
64196,S824MAZ
53065,S828
53064,S828HZ
55390,S828HZZ
53074,S829EZ
55391,S829EZZ
53081,S830FZ
55392,S830FZZ
53087,S831EZ
55393,S831EZZ
12438,S898Z-1
12437,S898Z-2
65668,S909MZ
65122,S909Z
12464,SB248Z
12473,SB565Z
63460,SD167FHZ
63464,SD167FZ
63463,SD167GHZ
63433,SD167GZ
64622,SF190
20950,SR100
60364,SR-112-1257
20956,SR-112-1502
20957,SR-112-1503
20958,SR-112-1504
20959,SR-112-1505
20960,SR-112-1506
20961,SR-112-1510
20963,SR-112-1517
20962,SR-112-1534
20964,SR-112-2693
20968,SR-112-2937
20965,SR-112-3530
20966,SR-112-3531
20967,SR-112-3532
20952,SR-112-3680
20953,SR-112-3681
20951,SR200
21000,SR300
21001,SR400
68200,SRB-3
20954,SR-K509-1578
20955,SR-K509-1820
66526,ST216AXRLZ
56448,ST226AXRLZ
56798,ST226BXRLZ
68038,ST436.1AXFLZ
68037,ST436.1AXRLZ
68042,ST436.1BXFLZ
68041,ST436.1BXRLZ
68046,ST436.1CXFLZ
68045,ST436.1CXRLZ
64465,ST436DXRLZ
52030,ST436EXRLZ
65237,SV226MAXRLZ
65238,SV226MBXRLZ
68069,SV436.1MAXRLZ
68072,SV436.1MBXRLZ
68075,SV436.1MCXRLZ
53179,T1212XRL
53197,T1230XRL
53203,T1263RL
53209,T1463RL
55960,T216XFL-1
66903,T216XFL-1 W/SLC
56157,T216XFL-2
63634,T216XFL-3
63635,T216XFL-4
55959,T216XRL-1
66904,T216XRL-1 W/SLC
63498,T216XRL-10
63499,T216XRL-11
63500,T216XRL-12
56156,T216XRL-2
63491,T216XRL-3
63492,T216XRL-4
63493,T216XRL-5
63494,T216XRL-6
63495,T216XRL-7
63496,T216XRL-8
63497,T216XRL-9
50754,T221XL
50814,T225F
12211,T226XRL-1
50903,T226XRL-2
50904,T226XRL-3
50905,T226XRL-4
50906,T226XRL-5
50907,T226XRL-6
50946,T230FL
50943,T230RL
50947,T230XFL
66916,T230XFL W/SLC
50944,T230XRL
64401,T230XRL W/SLC
63967,T231XRL
50955,T232RL
50968,T232XRL
51260,T263L
51258,T263P
51261,T263RL
65054,T263XL
50025,T2XFL
50024,T2XRL
67999,T436.1XFL-1
68000,T436.1XFL-1 W/SLC
68007,T436.1XFL-2
68008,T436.1XFL-2 W/SLC
68015,T436.1XFL-3
68016,T436.1XFL-3 W/SLC
68021,T436.1XFL-4
68022,T436.1XFL-4 W/SLC
68027,T436.1XFL-5
68028,T436.1XFL-5 W/SLC
68033,T436.1XFL-6
68034,T436.1XFL-6 W/SLC
67992,T436.1XP-1
67997,T436.1XRL-1
67998,T436.1XRL-1 W/SLC
68005,T436.1XRL-2
68006,T436.1XRL-2 W/SLC
68013,T436.1XRL-3
68014,T436.1XRL-3 W/SLC
68019,T436.1XRL-4
68020,T436.1XRL-4 W/SLC
68025,T436.1XRL-5
68026,T436.1XRL-5 W/SLC
68031,T436.1XRL-6
68032,T436.1XRL-6 W/SLC
65493,T436RLS-3 1/2
51786,T436XRL-10
51814,T436XRL-11
51842,T436XRL-12
51702,T436XRL-7
51730,T436XRL-8
51758,T436XRL-9
52448,T463L
52446,T463P
52449,T463RL
64689,T463XL
65052,T463XRL
67121,T465XSP-1
67122,T465XSP-2
67125,T468XSP-1
67126,T468XSP-2
67129,T469HXSP
67130,T469XSP
52491,T483XRL-1
52494,T483XRL-2
52497,T485XRL
50308,T63P
50309,T63RL
52777,T663L
52778,T663RL
64264,V1212MXRL
64263,V1230MXRL
64345,V1263MRL
64344,V1463MRL
56036,V216MXFL-25
64350,V216MXRL-100
56037,V216MXRL-25
64348,V216MXRL-50
64349,V216MXRL-75
64255,V225MF
64267,V226MXRL-100
64268,V226MXRL-125
64269,V226MXRL-150
12212,V226MXRL-25
64265,V226MXRL-50
64266,V226MXRL-75
56016,V230MXFL
56017,V230MXRL
63969,V231MXRL
64231,V232MXRL
55962,V263MRL
65056,V263MXRL
63793,V2MXRL
68060,V436.1MXRL-100
68063,V436.1MXRL-125
68066,V436.1MXRL-150
68054,V436.1MXRL-50
68057,V436.1MXRL-75
12766,V436.2MXRL-25
65053,V463MRL
64343,V63MRL
64342,V663MRL
